,Churn
1408,No
6992,No
3349,No
4486,No
3535,No
349,No
563,No
3252,No
6539,No
4957,Yes
2984,No
934,Yes
3876,No
818,No
2798,No
4045,Yes
6599,Yes
4191,No
6540,Yes
2324,No
6415,Yes
83,No
3184,No
2758,No
697,No
1615,No
100,No
5944,No
539,No
3691,No
6999,Yes
2045,No
3146,No
1871,No
2300,No
889,Yes
2576,No
1029,Yes
2127,No
2442,No
625,No
3616,No
2170,Yes
6287,No
677,No
3000,No
1749,No
5891,Yes
5141,No
4223,Yes
4123,No
6849,Yes
2274,No
3500,No
2612,Yes
1791,No
4251,Yes
332,No
3019,No
5710,No
2275,No
427,No
564,No
1905,No
4463,Yes
6207,No
1630,No
2171,No
841,No
222,No
3532,No
1711,No
6318,No
4899,No
5119,Yes
2315,No
314,Yes
4398,No
1926,No
6059,Yes
2456,No
122,Yes
2359,No
3230,No
5582,Yes
4205,Yes
5350,Yes
3620,No
2721,No
3126,No
2557,No
6776,No
2013,Yes
4172,No
1876,No
5052,No
3218,No
6989,No
6678,No
3114,Yes
5806,Yes
3768,No
3206,No
5832,Yes
712,No
3012,No
4034,No
5922,Yes
7024,No
6807,No
5915,No
5734,No
963,Yes
76,No
4491,Yes
4195,No
6552,No
6537,No
4942,Yes
5969,No
5504,No
2607,No
2581,No
3639,No
2856,Yes
4511,No
6600,Yes
3299,No
2964,No
5894,No
3930,No
1147,No
3872,Yes
587,No
1267,No
5240,No
665,Yes
3628,No
1220,Yes
6291,No
2418,No
327,Yes
5959,Yes
3751,No
6435,Yes
6628,No
5995,No
4910,No
3264,No
4999,No
1976,Yes
2261,No
2804,No
6095,No
4618,No
1198,Yes
956,No
5147,No
5117,Yes
3155,No
1814,No
899,Yes
3324,No
4897,No
6660,No
4905,No
6424,No
6536,Yes
6408,Yes
4919,No
5507,Yes
5534,No
1156,No
5595,No
4097,No
1225,No
6233,No
4526,No
1097,No
1252,No
2389,No
6757,No
1021,No
750,No
3642,No
3419,No
3740,Yes
6795,No
2583,No
1081,Yes
5952,No
470,No
4402,No
5476,No
4648,No
1234,Yes
1242,No
1076,No
486,No
377,Yes
5867,Yes
4129,No
4177,Yes
2398,No
4362,Yes
4829,Yes
646,No
2945,No
2069,Yes
5446,No
4502,No
5834,No
678,No
159,No
2644,No
2601,No
1933,No
3883,Yes
147,Yes
3451,No
5190,Yes
3342,No
148,No
2930,No
2301,No
5626,No
6945,No
2161,No
464,No
5884,No
2735,Yes
4345,No
6188,Yes
4417,No
3485,No
3169,No
893,No
4644,No
4932,No
5599,No
1433,No
5271,No
5793,No
3061,No
1696,Yes
4579,No
3890,No
316,No
1954,No
2723,No
1782,No
3584,No
6725,No
6350,No
1671,No
492,No
6381,No
4592,No
5,Yes
6062,No
826,Yes
1018,No
3672,No
4137,No
394,No
1515,No
2790,Yes
5535,Yes
1797,No
2106,No
2470,No
1962,Yes
663,No
1030,No
4752,No
5818,No
2250,No
4429,No
1123,No
1570,Yes
1355,Yes
1819,No
56,No
857,No
1265,No
5751,No
1403,No
6313,Yes
2027,Yes
6491,No
4837,No
3612,No
2112,No
2615,No
4293,No
559,No
2450,Yes
5661,Yes
1477,No
562,No
3634,Yes
2010,No
1173,No
4989,Yes
6210,Yes
433,Yes
4107,No
1106,No
2136,No
1916,No
330,No
6680,No
5394,No
1912,No
3530,No
1806,No
1404,No
6219,No
792,No
4649,No
2286,Yes
5767,No
5803,Yes
3798,No
6910,No
269,No
1823,No
5247,Yes
3404,Yes
6794,No
1945,Yes
2501,No
6345,No
3309,No
3834,Yes
4637,Yes
5465,No
2255,Yes
297,No
4630,Yes
6490,No
2596,No
364,No
310,No
5546,No
1563,No
1567,Yes
726,No
2220,No
716,No
6286,No
4077,Yes
443,No
2979,No
2714,No
5244,No
273,No
1073,No
5938,Yes
4397,Yes
832,Yes
6670,Yes
343,No
130,No
321,No
4588,No
3960,No
4333,No
2076,No
6533,Yes
3712,No
3260,Yes
1227,No
2584,Yes
2739,No
6979,No
309,No
5701,No
3938,Yes
3549,Yes
6738,Yes
1249,Yes
549,No
1721,No
4482,No
2455,No
5854,Yes
5939,No
1625,No
3144,No
2677,Yes
591,No
5787,No
995,No
3640,No
3993,No
4171,No
3719,Yes
2660,No
1591,No
2271,No
5450,No
853,Yes
498,Yes
3163,No
3629,No
6625,Yes
5571,No
1332,No
5714,No
211,No
294,No
6019,Yes
728,No
4211,No
2426,Yes
5027,No
5415,No
6155,No
3222,No
5484,Yes
5103,Yes
6560,No
4403,No
6268,Yes
1662,No
2090,Yes
2096,Yes
1746,Yes
3952,No
5010,No
1465,No
1645,Yes
2753,No
6225,No
799,Yes
4180,No
957,No
6674,No
3486,No
3501,No
1564,No
251,Yes
6691,No
5251,No
1601,No
4620,No
517,Yes
1804,Yes
2595,No
6931,No
2879,No
6526,Yes
5768,No
2188,No
1251,Yes
4763,Yes
1014,No
4911,No
1542,Yes
1930,No
10,No
4138,No
924,Yes
6294,No
1610,No
4003,No
702,No
6429,Yes
236,No
4738,Yes
6643,No
6626,No
6497,Yes
5029,Yes
4373,Yes
3647,No
611,No
5618,No
1528,Yes
4598,No
6654,No
1419,No
2600,No
6907,Yes
2190,No
1697,Yes
407,No
6326,No
2988,No
81,No
6493,No
774,No
1628,No
4106,No
1901,No
3966,No
1939,Yes
2878,No
1087,No
6671,Yes
1932,No
1681,Yes
3357,No
2168,No
1529,No
6578,No
5977,No
561,No
1498,No
6927,No
1065,Yes
1738,No
4267,No
2709,No
1492,No
2406,No
5233,Yes
2680,No
5780,No
6482,Yes
3484,Yes
3700,No
4108,No
1666,No
3591,No
6964,No
4840,Yes
5816,Yes
243,No
3482,No
2853,No
3569,No
4145,No
1683,No
5823,Yes
4016,No
33,No
1718,No
2490,No
6613,Yes
6762,Yes
837,No
1054,Yes
3198,No
3407,No
3425,Yes
1887,No
5460,No
31,No
198,No
1991,No
1908,No
5154,No
1550,Yes
5520,No
3812,No
3621,No
3104,No
2808,No
2149,No
5877,No
3267,Yes
1008,No
2125,Yes
362,No
281,No
5748,No
1334,Yes
5184,No
3350,Yes
3869,No
5377,No
5304,No
219,No
2316,No
5076,No
1701,No
6727,No
6744,No
155,No
2840,No
1501,No
2319,Yes
4607,No
2954,No
199,No
338,No
358,Yes
2604,Yes
2803,No
5062,Yes
4836,No
720,No
1896,No
5838,No
3475,No
1581,No
2353,No
1495,No
2130,No
5123,Yes
977,No
6120,No
1858,No
5252,No
6684,No
1168,No
1415,No
1829,Yes
5365,Yes
120,No
6549,Yes
5870,No
4931,No
2729,No
1366,Yes
6570,No
4666,No
1635,No
5275,Yes
4817,No
912,No
1269,No
2958,No
2563,No
2673,No
3804,No
3120,No
4317,No
2809,No
2290,Yes
914,No
2632,No
456,No
6035,No
1260,No
1200,No
2483,Yes
50,No
5766,No
4811,Yes
2698,Yes
4658,No
6201,No
6391,No
3023,Yes
2080,Yes
4711,Yes
423,No
5172,No
5967,No
4474,Yes
3524,No
1107,Yes
2972,No
1676,No
2697,No
993,Yes
4756,Yes
1270,No
2478,Yes
1841,No
2640,No
1864,No
5800,No
3141,Yes
1924,No
369,No
4368,No
1869,No
86,No
6401,No
4399,No
1145,Yes
1831,Yes
4048,No
2042,No
1750,No
4569,No
5214,No
4551,No
927,No
6014,No
3839,No
6902,No
5312,No
6055,Yes
2282,Yes
184,Yes
6765,No
908,Yes
5094,No
2778,No
1003,Yes
235,Yes
434,No
4602,Yes
2802,No
1516,No
659,Yes
5906,No
2713,No
5136,No
1539,No
3884,No
944,No
3343,Yes
911,No
4560,No
2884,No
6868,No
4799,No
3118,No
6102,No
5707,No
5380,No
1547,No
3411,No
529,No
5016,No
3172,No
3775,No
5769,No
3976,Yes
2169,No
2618,No
986,No
2897,No
1170,No
5121,No
2737,No
980,Yes
6976,No
1214,Yes
932,No
2554,No
928,No
6389,Yes
3693,No
2056,Yes
6142,Yes
3393,No
1983,Yes
4471,No
3143,No
2911,No
3284,No
115,No
4664,No
1233,No
1710,No
3733,No
1213,No
2487,Yes
3820,No
1398,No
1993,Yes
6069,No
5290,Yes
844,No
6912,No
5586,No
4590,No
351,No
6957,Yes
3581,Yes
756,Yes
1582,No
4316,Yes
6455,No
6363,No
3752,No
3689,No
2977,No
2909,No
4395,No
5827,No
7002,No
5992,No
4903,No
1603,No
441,No
5148,No
5702,Yes
694,No
5984,No
1641,No
6786,No
106,No
3377,Yes
6441,No
1938,No
472,No
898,No
2227,No
478,Yes
6256,No
4772,No
4639,No
4379,No
2422,Yes
1112,No
5041,Yes
207,Yes
3067,No
6272,No
3481,No
5204,No
4300,Yes
3035,Yes
2961,No
3656,Yes
1557,No
4803,Yes
989,No
5849,No
1729,Yes
1362,No
1714,No
129,No
4766,No
240,No
5373,No
5431,No
2193,No
6911,No
6232,Yes
5034,No
4859,No
6606,No
6463,No
3287,No
4190,No
4831,Yes
2097,No
5113,No
4568,No
400,No
208,Yes
3325,Yes
6690,No
1722,No
291,No
1399,No
6412,No
6842,Yes
32,No
1810,No
1397,Yes
6673,No
516,No
4918,No
142,No
3050,Yes
2811,No
4001,No
4490,No
881,No
2248,No
3150,No
4281,Yes
4208,No
4209,No
2048,Yes
204,No
6277,No
6465,No
1409,No
3358,Yes
4464,No
599,No
6735,Yes
2366,No
6172,No
2549,No
4359,No
2403,No
3598,No
2491,No
6933,No
4319,Yes
2176,No
197,No
3347,No
3242,No
3160,No
3671,No
5266,Yes
5429,Yes
627,No
6575,No
5112,Yes
703,No
57,No
169,No
5122,Yes
2718,No
6675,No
3682,No
4347,No
5536,No
1091,No
4745,Yes
5973,No
5517,No
3073,Yes
194,No
4798,No
1917,No
1527,No
4225,Yes
3014,Yes
2541,No
3433,Yes
6802,Yes
5844,No
289,Yes
5829,No
4566,No
1907,No
6251,No
2464,No
1481,Yes
1988,Yes
4538,Yes
6218,Yes
3417,Yes
4731,No
2801,No
629,Yes
6558,No
1735,No
3263,No
5896,No
1699,Yes
3977,No
6506,Yes
6317,No
3181,No
1861,No
259,No
5301,No
6212,No
3334,Yes
5471,No
5273,Yes
2941,No
5911,No
4290,No
723,Yes
6080,Yes
3265,No
2690,No
2119,Yes
387,No
2159,No
1086,No
2032,No
6897,Yes
1375,No
3354,Yes
244,No
1716,Yes
1155,Yes
5397,No
5294,No
3233,No
1454,No
1020,No
3941,No
1040,Yes
4005,Yes
3735,No
5040,No
2730,No
3410,No
6859,No
4401,No
6846,No
6320,No
600,No
1137,No
5402,Yes
3182,No
6340,No
6616,Yes
4304,Yes
2641,No
2384,No
5189,No
2312,No
1679,No
4222,No
6669,No
4494,Yes
886,No
3526,Yes
1363,No
761,No
5412,No
3079,No
4959,Yes
1236,No
1510,No
1371,Yes
4031,No
1597,Yes
6607,Yes
4992,No
4111,No
1795,No
779,No
4781,Yes
5665,No
141,Yes
5675,Yes
3277,No
775,Yes
6753,Yes
4497,No
1967,No
3387,No
721,Yes
2932,No
1588,No
5295,No
6631,No
5407,No
502,No
6216,No
6622,No
4924,No
4068,No
930,No
6686,No
1561,No
3618,No
810,No
3904,Yes
4504,No
3499,No
6149,No
360,No
4596,No
2838,No
2525,No
6898,No
7014,No
6144,No
2078,Yes
4334,Yes
2598,No
7019,No
6982,Yes
3962,No
1263,No
3189,Yes
6834,No
1549,No
5756,Yes
938,No
1188,Yes
2733,No
4428,No
3595,No
5986,No
3567,No
1464,Yes
5019,Yes
4898,No
6705,No
5549,No
5056,Yes
1126,No
3529,No
1571,No
1984,No
4409,Yes
348,No
4529,No
103,No
1936,No
2425,No
6826,No
6022,No
4060,No
3454,No
5159,No
5948,Yes
4200,No
4980,No
2003,Yes
3761,No
419,Yes
6487,Yes
2719,No
5385,No
172,No
1310,Yes
3622,No
2586,No
5139,No
4246,No
4296,No
1088,No
5899,Yes
2073,No
5679,No
5073,No
5343,No
1507,No
3855,No
5904,No
1973,No
41,No
5216,No
5558,No
732,No
6475,No
5491,No
6288,No
6874,Yes
333,Yes
1357,Yes
5836,Yes
1665,Yes
1742,Yes
3487,No
522,Yes
724,No
4389,No
4901,No
4155,No
4764,No
6751,Yes
5239,No
3765,Yes
538,No
3444,No
471,Yes
592,No
3239,No
1488,No
97,Yes
4400,No
5584,No
1851,Yes
6731,Yes
2200,No
3662,No
4896,No
5623,No
143,No
550,No
3531,No
4327,No
3317,Yes
4860,Yes
2393,No
6520,Yes
2463,Yes
6047,No
1392,No
1808,No
2989,No
5319,No
3310,No
1131,No
3173,Yes
5723,No
6449,No
6053,No
5935,Yes
3832,No
96,No
2268,No
7028,No
6042,No
5645,No
4136,Yes
1171,No
1935,No
707,No
6368,Yes
2033,Yes
4186,No
40,No
1351,No
3346,Yes
2207,No
5477,No
3889,No
3379,Yes
682,No
1537,No
4059,No
442,No
5107,No
786,No
1709,No
2314,No
3297,Yes
874,Yes
5481,No
3534,No
189,No
6764,No
5383,No
65,No
660,No
5833,No
5563,No
90,No
4236,No
1480,Yes
5614,No
2091,Yes
3851,No
2493,No
5306,Yes
4445,Yes
4777,Yes
3675,Yes
6329,No
2328,No
3420,Yes
6706,Yes
3071,Yes
4847,No
2532,No
4110,No
2987,No
1429,Yes
6234,No
4202,No
5652,No
1449,No
382,No
3479,Yes
4603,No
3054,No
4118,No
566,No
6672,No
5145,No
5828,No
6871,No
1958,No
3161,No
5917,No
3942,No
6076,Yes
1391,Yes
1032,No
5269,No
334,Yes
725,No
6265,No
3863,No
3840,No
4240,No
6071,Yes
5015,Yes
4583,No
3470,No
1891,No
6699,No
507,Yes
3574,Yes
5579,Yes
6698,Yes
3106,Yes
5686,No
3611,Yes
6127,No
1240,Yes
1276,No
2380,No
5480,No
4727,No
5410,No
6970,No
6869,No
191,Yes
939,No
1468,Yes
1296,No
6476,No
1798,No
4612,No
1380,No
2944,No
3823,Yes
186,No
1457,No
2591,No
3165,No
1390,Yes
3811,No
1381,No
815,No
1997,No
5374,Yes
1308,No
2969,Yes
1487,Yes
5913,No
5363,No
3862,No
4863,No
2874,Yes
760,Yes
4659,No
1552,No
2162,Yes
741,Yes
5788,No
5334,No
5101,No
5786,No
6909,No
2967,No
6538,No
4134,No
2625,No
3998,Yes
6640,No
466,No
450,No
6116,Yes
3266,Yes
6311,No
4933,Yes
3760,Yes
3115,No
1594,No
6351,Yes
4610,No
1968,No
6904,No
2,Yes
5859,No
582,No
910,No
3914,No
5212,No
5102,No
2035,No
6499,Yes
2306,No
3507,No
5953,No
3220,No
730,No
1668,Yes
4245,No
1486,No
1255,Yes
4483,No
5874,No
2126,No
6998,Yes
1342,No
5226,No
6988,Yes
4332,No
686,Yes
5964,No
5199,Yes
5682,No
4196,No
4057,No
6109,No
2789,No
51,Yes
4010,No
6038,No
1942,No
586,No
573,No
6112,No
983,No
3527,No
6167,Yes
4509,Yes
3013,No
2628,No
5589,No
3846,No
5022,Yes
2062,No
635,No
6507,Yes
5223,No
6955,No
6066,No
4705,No
6717,No
4104,No
3361,No
4535,No
4964,No
5080,No
1474,No
2696,No
2445,No
2663,Yes
5994,No
6840,No
4369,No
1340,No
6282,No
960,No
1784,No
5745,No
1283,No
3553,No
999,No
69,No
5242,Yes
6015,Yes
6394,No
6770,Yes
1974,No
2165,No
6456,No
3378,Yes
2011,Yes
3790,Yes
2428,No
5752,No
1318,No
4339,No
5051,Yes
5909,No
2852,No
4094,No
1230,No
6180,No
6020,No
3773,Yes
5250,No
6566,No
1254,No
2413,No
173,Yes
2135,Yes
3931,No
6501,No
5809,No
2012,No
5336,Yes
3503,No
5528,No
4207,Yes
3502,No
1629,No
157,No
1899,Yes
6380,No
6223,Yes
1410,No
4357,No
42,No
6246,No
5566,No
2134,No
1913,No
280,No
6370,Yes
4440,Yes
140,No
6220,No
2839,Yes
4819,Yes
2116,No
1637,No
4949,No
5671,Yes
3447,No
6194,No
3083,No
5808,Yes
4892,Yes
1867,No
3766,Yes
4358,No
282,No
2123,No
206,No
3116,Yes
2655,No
7017,No
5065,No
5166,Yes
3865,No
6798,Yes
3179,No
848,No
2508,No
6572,No
4238,No
5289,No
2113,No
2342,No
6262,No
5544,Yes
2542,No
4673,Yes
3295,No
417,No
5677,Yes
4230,Yes
6003,Yes
3680,Yes
3668,Yes
6443,No
3272,No
2117,No
3476,No
1675,No
1536,No
457,No
4515,No
1928,No
4741,Yes
5193,No
5656,No
1747,No
4675,No
5672,No
6089,No
4095,No
2103,No
6925,Yes
4312,No
1376,No
5983,Yes
4099,Yes
3492,Yes
5728,No
1687,No
764,No
5631,Yes
6777,No
6642,No
3008,No
5978,No
6971,No
3607,No
1592,No
3426,No
2523,Yes
2716,Yes
5405,Yes
780,No
6608,No
79,No
4166,No
4979,No
4055,Yes
530,No
4292,No
4755,No
851,No
5630,No
5281,No
5522,No
274,Yes
2495,No
2651,No
7031,No
4026,No
2847,No
3190,No
2569,Yes
1197,No
6422,No
879,No
1420,No
356,No
572,Yes
1745,No
3205,No
4518,No
2397,No
1649,No
1614,No
5317,Yes
5690,No
2071,No
3807,No
2559,Yes
5843,Yes
813,No
5976,No
3109,No
460,No
994,Yes
2197,Yes
2836,No
788,No
1817,Yes
1484,No
5945,No
5533,No
6610,No
1385,No
5565,No
3593,No
3848,No
305,No
3970,No
1618,No
2996,No
2921,No
2560,No
59,No
6832,Yes
2496,No
2828,No
247,Yes
3149,No
5692,No
6746,Yes
6896,Yes
1284,No
6564,No
565,No
4844,No
836,No
2309,No
368,No
6171,No
4088,No
4609,No
2848,No
698,No
1627,Yes
5427,No
1402,No
6844,No
1116,No
6758,No
121,No
5950,No
5761,No
2402,Yes
1223,No
6161,No
4244,No
1034,No
6454,No
4545,No
6950,Yes
6704,No
28,No
6217,No
3469,No
168,Yes
2408,No
6168,Yes
6104,No
3637,No
4377,No
2006,No
210,Yes
2259,No
2202,Yes
776,No
2365,No
2294,No
5901,No
3564,No
681,No
1981,No
4761,No
5058,No
5514,No
3133,Yes
2768,No
5489,Yes
158,No
3801,Yes
5461,No
991,No
5791,No
1119,No
5359,Yes
2649,Yes
4716,No
3661,No
4739,No
5774,Yes
2779,Yes
5327,No
2851,No
66,No
1320,Yes
1820,No
5181,No
1232,Yes
2815,No
1650,Yes
6730,Yes
4883,No
6121,No
2545,No
4198,No
3408,No
2040,No
3543,No
5366,Yes
588,No
2423,Yes
2986,No
2192,No
3717,No
3874,No
883,No
5253,No
4876,No
1139,No
2577,No
3024,Yes
1483,No
7004,No
4000,No
2936,No
4254,No
4521,No
6027,No
3359,No
5043,No
1066,No
4744,No
171,Yes
410,Yes
1652,No
4952,Yes
4391,No
4479,No
341,No
1661,No
4220,No
2509,Yes
1621,No
4192,Yes
753,Yes
1580,No
357,No
1587,Yes
4469,No
4004,No
5392,No
3891,No
2074,No
6404,Yes
4581,No
271,No
6830,No
4769,No
1770,No
2364,No
4862,No
6922,Yes
2082,Yes
1837,No
3148,No
151,Yes
3453,No
525,No
5508,No
6166,No
3187,No
904,No
3416,No
1589,No
513,No
4557,No
11,No
3646,Yes
861,Yes
5298,No
5561,No
4262,Yes
745,No
6687,No
2194,No
690,No
4092,No
6202,Yes
2132,No
4473,No
55,Yes
2605,Yes
5892,Yes
751,No
4157,No
5612,Yes
3395,No
4617,No
913,Yes
7000,Yes
104,Yes
6126,No
3917,Yes
4066,Yes
6590,Yes
3458,No
4534,No
6197,No
6595,No
4181,Yes
6221,No
5191,No
386,Yes
4105,No
1388,No
6748,No
6531,No
5530,No
5020,No
6158,No
692,Yes
2185,No
102,No
5762,No
2236,No
4116,No
5006,No
2266,No
5345,No
4559,No
214,No
3504,No
545,Yes
3258,No
604,No
5030,No
1496,No
3579,No
6387,No
2218,Yes
5798,No
3214,No
6700,No
6947,No
1990,Yes
5328,No
4589,Yes
1335,Yes
6029,Yes
6516,No
5972,No
1268,No
5871,Yes
742,No
622,No
3718,No
3964,Yes
2244,No
6579,No
3707,Yes
4922,No
504,Yes
5782,No
1071,No
5615,No
6143,Yes
6018,No
47,Yes
200,No
5937,Yes
1694,No
3461,Yes
4801,No
5111,No
3089,No
2231,No
3992,Yes
1431,Yes
2167,No
3070,No
6452,No
5887,No
3923,No
940,No
1595,Yes
2382,No
5668,No
2558,Yes
326,No
798,No
6818,No
4909,No
5488,Yes
2246,No
3142,No
6242,No
6845,No
1055,Yes
1779,Yes
4879,No
6692,No
3188,No
3406,No
3204,Yes
4442,Yes
5779,No
4087,No
1794,Yes
176,Yes
2656,No
426,No
1624,No
3868,Yes
1888,No
2481,No
3739,Yes
6808,Yes
4135,No
3431,No
1663,No
3056,Yes
3127,No
4433,No
2765,Yes
3396,Yes
4468,Yes
4972,No
4820,No
6550,No
5957,Yes
5045,No
1321,Yes
1373,No
4794,No
4721,No
5447,Yes
2999,Yes
680,No
1667,No
1438,No
5268,Yes
6551,No
2454,No
308,No
4692,No
6980,Yes
4737,No
4413,No
2881,No
2661,No
909,No
6787,No
4962,No
2738,No
4797,No
5646,No
4968,No
2304,No
4465,No
4346,Yes
4660,No
885,No
1796,No
4523,Yes
6133,Yes
734,No
2191,No
2276,Yes
3969,Yes
1713,No
5474,Yes
1186,No
2179,Yes
3835,No
4872,No
5194,No
3443,No
4759,No
1315,Yes
6200,No
6278,Yes
3558,No
4520,No
5865,Yes
399,No
1847,Yes
6263,No
4861,No
1914,Yes
149,No
3625,Yes
3223,No
2991,No
3843,No
2131,No
2959,No
2313,No
5713,Yes
5687,Yes
329,No
5592,No
1670,Yes
2420,No
923,No
6695,No
6376,Yes
6867,Yes
5523,No
1724,No
4715,Yes
2343,No
5382,No
6630,No
4383,No
3902,No
6030,Yes
4432,No
1226,No
696,Yes
546,No
3933,No
6044,No
5188,No
2252,No
6875,Yes
5424,No
577,No
2410,Yes
6919,Yes
6934,Yes
5552,No
6857,Yes
872,No
4436,Yes
789,No
3459,No
6004,No
4072,No
3331,No
6395,No
5133,No
506,Yes
2111,Yes
263,No
6960,Yes
1059,No
217,No
710,No
2740,Yes
5224,Yes
5330,No
4154,No
424,No
4818,Yes
6726,No
5310,No
2830,No
4696,No
4796,No
5910,No
5329,No
3424,No
190,No
4349,No
1540,No
1295,Yes
5095,No
1053,Yes
3636,No
6511,Yes
4013,No
3175,No
511,Yes
5364,No
915,No
655,No
23,No
2186,Yes
2467,No
1304,Yes
4810,No
2825,No
5991,No
2114,No
4288,No
5036,No
648,No
385,Yes
1485,No
484,Yes
5276,No
4870,No
3311,No
882,No
4947,Yes
5331,No
2355,No
5161,No
5738,No
6063,No
2888,Yes
4743,Yes
3289,Yes
2752,No
6870,No
3108,No
3496,No
1109,Yes
5463,No
834,No
1282,No
1299,No
6248,Yes
3135,No
4043,No
304,No
6756,No
3139,No
825,No
5220,Yes
620,No
3049,No
6215,No
4565,No
1960,Yes
610,Yes
3762,No
2755,No
674,No
2138,No
4414,No
2539,No
4954,No
1421,No
3021,Yes
5279,Yes
4350,No
4921,No
1184,No
3999,No
5023,No
856,No
3320,Yes
2004,No
4834,Yes
1906,No
6342,Yes
3063,No
6074,No
5670,Yes
6147,No
1934,No
4119,No
2939,No
3619,No
1684,No
3947,No
948,No
2692,No
3438,No
661,No
1669,No
2820,No
4867,Yes
30,No
1004,Yes
6479,Yes
270,Yes
6745,No
2833,No
5444,No
452,No
1773,No
4950,No
3562,No
2293,No
1306,Yes
4824,No
1017,No
4159,No
3920,Yes
6031,Yes
1068,Yes
2195,No
4825,No
1205,No
5091,Yes
6196,Yes
1359,No
5804,No
1978,No
2871,No
1525,Yes
2021,No
6799,Yes
3130,Yes
2960,Yes
1002,No
6348,Yes
1247,Yes
4869,No
2432,No
6070,No
3107,No
5259,No
3330,No
3123,No
182,Yes
6295,Yes
3193,No
6729,No
3168,No
4574,No
3565,No
3602,Yes
6041,No
2253,No
295,No
2453,No
4139,Yes
2638,Yes
6467,No
2728,No
4174,No
1788,No
4454,Yes
359,No
3954,No
823,Yes
2842,No
4927,No
5633,No
766,No
3186,No
5848,Yes
5164,No
4686,No
6509,Yes
6796,No
1143,No
4882,No
1951,No
7008,No
1101,No
2401,Yes
4421,No
6651,Yes
5557,No
1428,No
4963,No
5926,No
1290,Yes
1374,No
5061,Yes
3522,Yes
2371,No
0,No
2460,Yes
4002,No
1622,No
3945,No
4354,No
3932,Yes
2643,No
3759,No
5746,No
1369,No
3086,No
5694,No
2429,No
6689,No
2624,Yes
5650,No
4532,No
515,No
4498,No
5071,No
6187,No
5243,No
606,No
3006,No
1764,No
570,No
3732,No
2338,No
843,No
396,No
134,Yes
4435,No
2854,No
5337,No
6016,No
4303,No
5725,No
6163,Yes
4984,No
5772,No
3103,No
1830,No
2843,No
82,Yes
3375,No
5754,No
1149,No
2572,Yes
4631,No
2209,Yes
5258,No
3279,No
892,No
1141,No
328,No
5920,No
5683,No
6239,No
5743,No
4306,No
2298,Yes
5411,No
6712,No
6993,No
3316,No
1604,No
650,Yes
2144,No
3227,No
6357,No
4808,No
3951,Yes
3498,No
3199,No
719,No
2439,Yes
6075,No
2475,Yes
5270,No
784,No
5698,No
6338,No
264,No
4229,No
5575,Yes
4533,Yes
824,Yes
1494,No
6303,Yes
5856,No
1144,Yes
5721,No
771,Yes
3301,No
3853,No
1312,No
5005,No
4641,No
2026,No
2203,Yes
429,No
2741,No
4751,Yes
5367,No
4613,No
1825,No
1578,No
6178,No
5918,No
4102,Yes
2258,Yes
252,Yes
4662,No
6803,No
2198,No
2229,No
4268,No
5369,No
4295,No
2363,No
6058,No
2775,Yes
3844,No
3031,No
5067,No
5501,No
1386,No
4492,No
5898,No
4765,Yes
4564,No
2950,Yes
5026,No
4415,No
500,No
488,Yes
3875,No
3818,No
2412,No
1190,No
6052,No
1530,No
232,Yes
571,No
3545,Yes
3210,No
5660,No
403,No
4142,Yes
5903,Yes
6115,No
6639,No
858,No
6899,No
6596,Yes
1816,Yes
3769,Yes
5408,No
1302,Yes
6302,No
5773,Yes
4775,No
3645,No
4599,No
2782,No
5371,Yes
3687,No
3882,No
5134,No
6309,No
398,No
535,No
196,No
6852,No
4704,No
532,No
493,No
6462,No
5689,Yes
367,No
4266,Yes
2699,No
1840,No
6185,No
3414,No
2564,No
4475,No
4286,Yes
5347,No
3072,No
3421,No
2083,No
5003,No
6843,No
2374,Yes
3826,No
475,Yes
2920,No
5439,No
6860,No
5472,Yes
4280,Yes
4944,No
254,No
5217,No
6778,Yes
3489,Yes
1497,No
1199,No
4720,No
3044,Yes
3016,No
6620,No
5417,No
5349,No
842,Yes
1545,No
2865,No
5308,Yes
6722,No
3456,Yes
868,No
5104,Yes
6995,Yes
1855,No
6040,No
145,No
1023,Yes
6258,Yes
5597,No
1057,No
1631,No
1541,No
6503,No
4274,No
3159,No
5666,No
6837,No
4514,No
1245,Yes
6468,No
3810,No
6488,No
395,No
2568,Yes
5537,No
1271,No
5764,No
3905,No
6386,Yes
5057,No
6876,No
6084,No
4351,No
4888,No
1006,No
1424,No
6557,No
2360,No
1653,Yes
245,No
3253,No
5361,No
3950,No
1835,Yes
1183,No
1944,No
4795,No
3017,No
2633,Yes
5943,No
1049,No
1731,Yes
4484,No
2747,Yes
1680,No
3429,No
391,No
645,Yes
3570,No
4250,No
2807,Yes
6542,No
6328,No
2826,Yes
5201,No
5961,No
138,No
5007,No
888,No
5715,Yes
1158,No
1849,Yes
4885,Yes
3658,No
727,Yes
5934,Yes
2303,No
4983,Yes
5238,Yes
6940,No
859,No
3667,Yes
1673,No
5249,Yes
6213,No
5659,No
1554,No
6446,No
461,No
5763,No
6659,No
984,No
3333,No
6838,No
1638,No
978,No
6083,No
6829,No
1000,No
6929,No
5406,No
4916,Yes
1593,No
651,No
4212,No
3251,No
2953,No
3915,No
4008,No
6817,No
1160,No
6541,Yes
5732,Yes
230,No
6771,No
1775,Yes
6132,Yes
4342,Yes
6821,No
6697,No
1405,Yes
6073,Yes
5634,Yes
6920,No
6645,Yes
1999,Yes
3921,No
575,No
1301,No
3060,No
3800,No
2672,Yes
6169,No
3200,No
6489,Yes
5340,No
628,Yes
2935,Yes
5131,No
3683,Yes
6915,Yes
4313,No
2461,No
4462,No
1019,No
2813,Yes
926,No
6978,No
3345,Yes
4224,No
1110,No
6815,No
5981,No
1279,No
2573,Yes
5086,No
5789,Yes
595,No
4555,Yes
2317,No
4832,No
3750,Yes
4779,No
4640,No
6710,No
6665,No
2860,No
2767,No
6009,No
1062,Yes
397,Yes
5138,No
5135,No
2099,Yes
1889,No
744,No
3493,Yes
1235,No
6938,No
205,No
99,Yes
1606,No
1228,Yes
322,No
4406,No
765,No
1957,No
1121,Yes
5265,No
4685,No
1693,No
5400,Yes
6743,No
5737,Yes
2662,No
1174,Yes
2609,Yes
6632,Yes
3852,No
5486,Yes
6627,No
2658,No
5455,No
2311,No
480,No
5118,No
6092,No
1493,Yes
6393,No
6056,No
2352,No
2788,No
6145,No
5812,No
5663,No
5109,No
421,No
2659,No
2391,No
4420,Yes
6646,No
5541,No
2121,No
3551,No
2855,No
1647,No
77,No
93,No
6410,No
2732,No
5232,No
2556,No
2094,No
6331,No
7026,No
4015,No
5794,Yes
3879,No
408,Yes
5861,Yes
2589,No
772,Yes
4014,Yes
990,No
5192,No
6655,No
19,No
62,No
5629,Yes
2664,Yes
5718,No
1902,No
6238,No
6284,No
3129,No
381,Yes
4689,No
5206,Yes
770,Yes
5591,Yes
6574,No
929,No
1093,Yes
1475,No
5492,No
5744,No
1098,Yes
5342,Yes
3262,No
6848,No
1612,No
3225,No
5432,Yes
1231,No
5158,No
1712,No
5825,No
4655,Yes
3802,No
4889,No
3339,No
3256,No
409,Yes
992,Yes
6349,No
2407,Yes
5173,No
1766,Yes
1856,Yes
2742,No
6824,No
2054,No
6012,No
6481,No
378,No
4321,No
4587,No
2009,No
1893,Yes
5222,Yes
3597,Yes
5705,Yes
6356,Yes
6140,No
1565,No
5590,Yes
54,No
5850,No
166,Yes
6136,No
2388,Yes
5928,Yes
5693,Yes
462,Yes
3241,Yes
2344,No
6918,No
5028,Yes
2172,No
3943,Yes
5893,No
4712,No
508,No
512,No
4691,No
3925,Yes
1319,No
2783,No
2925,No
4158,No
6576,No
633,No
2325,No
3075,No
4038,Yes
248,Yes
1963,No
2272,Yes
422,No
3015,No
7029,No
6006,No
1890,No
5353,No
5213,No
1911,Yes
1368,No
5467,Yes
5509,Yes
1439,No
1832,Yes
1931,No
5975,Yes
2845,No
3973,Yes
2430,No
5680,No
2553,No
6460,No
2189,Yes
3096,No
5323,No
2599,No
1739,No
6880,No
5338,No
1915,No
598,No
3055,No
1959,No
1103,No
6781,Yes
556,No
1898,No
5795,No
5187,No
12,No
5068,Yes
2528,No
6065,Yes
2736,Yes
2955,Yes
1102,No
6377,No
2213,No
3536,No
6683,No
4674,Yes
6269,No
275,Yes
4852,No
3583,No
6661,No
3215,No
3446,No
5770,Yes
4814,No
2587,No
4996,No
4416,Yes
1491,No
974,No
2448,No
3034,No
296,No
1923,Yes
6400,No
6371,No
6701,No
3770,No
1575,No
6013,No
4082,Yes
3778,Yes
636,No
2992,Yes
6515,Yes
6191,No
6203,No
1244,Yes
4434,Yes
6890,No
3315,No
1164,No
2762,No
873,No
1005,Yes
1922,Yes
489,No
637,Yes
6464,Yes
3871,No
1025,Yes
5639,No
287,Yes
6337,Yes
4608,No
2796,No
4100,No
3674,Yes
6893,No
16,No
6122,Yes
3842,Yes
6382,No
3232,No
1553,Yes
2629,Yes
4496,No
3249,No
4067,Yes
268,Yes
2264,Yes
7001,No
4320,No
5341,No
6923,No
2471,No
3261,No
6252,No
5811,No
1459,No
2477,No
5283,No
3660,Yes
2105,No
2067,No
3122,Yes
4132,No
860,Yes
301,Yes
1972,No
6611,Yes
255,No
335,Yes
6811,Yes
1307,No
283,No
2005,Yes
1094,No
916,No
3336,No
1970,No
3121,No
6244,No
1443,No
3283,No
4749,Yes
6588,Yes
557,No
5907,No
864,No
713,No
6569,No
6634,No
664,No
5600,Yes
2823,No
3003,No
6733,No
4130,No
6046,No
80,Yes
2938,No
4524,Yes
1031,No
6411,No
5072,No
6866,Yes
4360,No
870,No
2774,Yes
1757,No
5163,No
787,No
5422,No
5805,No
3548,No
3478,No
6323,No
6405,No
4086,No
371,Yes
2184,No
2064,Yes
1108,No
900,Yes
5479,No
3808,No
5847,No
3048,No
4335,No
5573,No
1287,Yes
4948,Yes
3007,No
2098,No
6580,No
1229,No
3854,No
3576,No
2128,Yes
2046,No
3043,No
1089,No
124,No
952,Yes
5108,Yes
1400,Yes
288,Yes
2769,No
667,Yes
3963,No
1387,No
4726,Yes
2566,No
261,Yes
5529,Yes
3794,No
501,No
4707,No
2702,Yes
4864,No
3036,No
6775,Yes
2110,No
5931,No
6981,No
6154,No
4868,Yes
705,No
6524,No
4472,Yes
3158,No
6528,Yes
3729,No
4586,Yes
499,No
3734,No
5866,No
3247,No
3037,Yes
5277,Yes
6174,No
613,No
3449,Yes
4081,Yes
6131,No
3032,No
3097,Yes
4966,Yes
6327,No
6426,No
855,Yes
5441,Yes
5434,No
5246,No
1894,No
1365,No
412,No
6894,No
1952,No
319,No
4298,No
5469,No
2396,No
740,No
656,No
4144,No
3692,No
5452,No
3919,No
5760,No
3787,No
2904,No
4621,No
6048,No
5902,No
5335,No
949,No
6255,No
1965,Yes
5594,Yes
2349,No
4790,No
4248,Yes
224,No
5824,No
2243,No
4179,No
5497,No
1215,No
4647,No
1051,Yes
4392,No
6296,Yes
4614,No
3563,No
3894,No
4563,No
2574,No
2882,Yes
3138,No
737,No
1435,No
2484,No
4619,No
2903,Yes
3052,No
6967,No
2766,No
2373,Yes
1134,No
839,No
2421,No
1133,No
4218,No
2940,No
2688,No
4185,No
4623,Yes
26,Yes
6002,No
3259,No
4923,No
4730,Yes
6096,Yes
5730,No
3099,No
354,Yes
2348,No
2720,No
1165,No
3369,No
4140,No
5278,No
1010,No
2885,Yes
4830,No
4109,No
5921,No
1509,No
4315,No
3540,No
3244,No
6469,No
4124,Yes
4722,No
4544,No
6582,Yes
406,No
4388,Yes
1518,No
5955,No
2219,Yes
1551,Yes
4366,No
1706,No
1482,No
1456,No
4051,Yes
3164,No
5227,No
4626,No
5895,No
1264,Yes
1026,Yes
4408,No
638,Yes
6563,No
1113,No
1752,No
643,No
3326,Yes
2435,No
1534,No
4506,No
5876,No
4967,No
6057,Yes
1870,No
2717,No
3685,No
1159,Yes
3207,No
5603,No
1349,Yes
5753,No
4550,Yes
3893,No
5458,No
2703,Yes
5651,No
2215,No
246,No
921,No
4955,No
6714,Yes
1979,Yes
4718,No
3460,No
4930,Yes
2307,No
3695,No
6325,No
3293,No
3367,Yes
6159,Yes
4723,No
6944,No
3613,No
4850,No
1237,No
3029,Yes
2934,Yes
2206,No
6972,No
3275,No
6892,No
3087,Yes
2411,No
4527,Yes
1826,No
1961,No
5740,No
3197,No
6448,No
3831,No
5324,Yes
988,No
612,No
1607,Yes
6293,Yes
5493,Yes
2153,No
1785,Yes
6362,No
6388,No
474,Yes
2087,No
505,No
2829,No
468,No
20,Yes
5516,No
4273,No
5284,No
1526,No
1533,Yes
6854,No
6471,No
4934,Yes
1897,No
1720,No
5314,No
7011,No
578,No
5971,No
1343,Yes
2052,Yes
722,Yes
2531,Yes
15,No
3975,No
6936,No
1763,No
4204,Yes
411,No
4902,Yes
2928,No
2415,No
584,Yes
2269,Yes
5712,No
4982,No
4090,No
2841,No
5735,No
1620,Yes
1955,No
5613,Yes
6652,No
3434,No
5230,No
6138,No
1118,Yes
5736,No
1980,Yes
467,No
4203,No
6224,No
4906,No
2059,No
567,Yes
4049,Yes
4419,No
1657,Yes
4856,No
4961,No
5132,No
3782,Yes
299,Yes
5381,Yes
4928,No
4953,No
5678,No
3972,No
3383,No
5620,Yes
4835,No
2212,No
2077,No
6855,Yes
1953,No
4719,No
4412,No
6229,No
278,No
509,No
6983,No
6543,Yes
6151,No
1022,No
6635,No
1211,Yes
5146,Yes
131,Yes
2107,No
4651,No
589,No
2002,Yes
2636,No
704,Yes
1337,No
965,No
4441,No
2533,No
5998,No
435,No
2030,No
4027,No
972,Yes
1095,No
6965,No
5142,No
84,No
5954,No
623,Yes
6930,No
1430,No
393,No
4742,No
2923,No
25,No
6301,No
420,No
2834,No
3861,Yes
4343,No
6398,No
4965,No
3781,No
2756,Yes
758,No
1985,Yes
6498,Yes
5423,Yes
961,Yes
3653,No
5165,No
4929,No
2326,No
6997,Yes
4503,No
5285,No
3448,No
2377,No
1903,No
4875,Yes
812,No
5644,Yes
997,Yes
3833,No
2395,No
4584,No
6835,Yes
6365,No
3652,No
3924,No
6813,Yes
7018,No
7015,Yes
5180,No
1556,Yes
5555,No
2017,No
6261,No
3171,No
2370,No
1367,No
2980,No
3240,Yes
107,No
6153,No
693,No
2694,No
4370,No
6005,No
602,No
1273,No
5496,No
116,No
3278,No
2683,Yes
6932,Yes
5551,No
3388,No
3922,No
3716,No
4263,No
4969,No
6913,Yes
3745,No
3390,No
6532,No
3603,No
5116,No
6987,No
1193,No
5399,No
2020,No
1995,No
5625,Yes
583,No
6364,No
976,No
4547,No
2948,Yes
1305,Yes
1838,No
1009,No
1874,Yes
3710,Yes
1943,Yes
2376,No
3509,No
3728,No
6273,No
3290,No
3736,No
160,No
4052,Yes
4951,Yes
3401,No
1811,No
6554,Yes
2024,Yes
1987,No
6788,No
1274,No
2441,Yes
3151,No
920,No
778,No
1128,Yes
6097,Yes
2346,No
3742,No
2679,No
5376,Yes
3935,Yes
1880,No
6177,Yes
3191,No
6856,No
6602,No
361,No
1313,No
4646,No
6609,No
2933,No
416,No
3136,Yes
4431,No
3955,Yes
3517,No
5403,No
432,No
4258,Yes
2585,No
1458,Yes
5262,No
6941,Yes
6453,Yes
1660,No
2787,No
5326,No
4256,No
5035,Yes
6853,Yes
5075,No
1288,No
5727,No
2594,No
2109,No
5717,No
4714,No
767,No
313,No
108,No
736,No
4943,No
735,No
1609,No
5378,No
1194,No
1531,No
1947,No
5152,No
4162,Yes
6316,Yes
3488,Yes
2869,No
941,No
2975,No
4044,No
4338,No
6128,Yes
966,Yes
6093,No
5000,No
4386,No
5088,No
3599,No
2340,No
846,No
574,No
5574,Yes
3397,No
4337,No
2764,Yes
5157,Yes
2634,Yes
5320,Yes
6085,No
2440,No
5395,No
6444,Yes
167,No
3594,Yes
3009,No
45,No
1124,No
793,No
2323,No
6719,No
5532,Yes
276,Yes
3743,Yes
2529,No
2570,No
514,Yes
814,Yes
3428,No
933,No
2540,No
2386,No
4199,No
5548,No
6718,No
6366,Yes
1866,No
3288,No
1072,No
2844,No
5066,No
5927,No
3373,No
4725,No
6160,Yes
1640,Yes
6819,No
887,Yes
782,No
5621,Yes
2485,No
3541,No
783,Yes
4278,No
3327,No
3078,No
640,Yes
4917,No
919,No
3196,No
5178,Yes
3913,No
2155,No
981,No
5002,No
3571,Yes
6373,No
4971,No
4193,No
4748,No
4594,No
6990,Yes
3303,No
286,No
3337,No
1394,No
320,Yes
61,No
2394,No
1940,No
215,No
5750,Yes
2018,Yes
5640,No
132,No
6517,Yes
3257,Yes
2387,No
5200,No
1927,No
2722,Yes
4029,No
6667,No
3724,Yes
1258,No
2785,Yes
2337,No
4676,Yes
3081,No
5886,No
7010,Yes
5303,Yes
2058,No
4182,No
3552,No
4663,Yes
4075,Yes
5564,Yes
1203,No
5024,No
1192,No
3183,Yes
4978,No
2053,No
2367,No
2592,No
654,No
355,Yes
2154,No
2124,Yes
3588,No
5210,No
1522,No
2133,No
2141,No
1812,No
2635,No
4733,No
1344,No
178,No
3005,No
3589,Yes
1986,No
1559,Yes
3744,No
339,Yes
7023,Yes
1262,No
2447,Yes
5297,Yes
1135,No
4427,No
4056,Yes
3511,Yes
785,No
5100,No
6773,No
4426,No
3726,No
4605,Yes
1461,No
4767,Yes
3224,Yes
6307,No
17,No
6146,Yes
6986,No
2354,No
1605,No
3384,No
3809,Yes
2974,No
3028,No
6721,No
3730,No
6228,Yes
1354,Yes
2333,No
6470,Yes
551,No
1182,No
1292,No
6589,No
1326,No
6300,No
2120,No
6873,Yes
3335,No
822,No
4452,No
3057,No
6281,Yes
5853,No
88,No
4567,No
5203,Yes
5879,Yes
3203,No
5858,No
4940,No
1836,No
614,No
5001,No
6043,No
306,Yes
4083,No
5449,Yes
2725,No
6742,No
3236,Yes
4294,No
5287,No
1499,No
5946,No
2835,No
3313,Yes
1207,Yes
1925,No
3231,No
2409,No
6921,No
2122,Yes
1822,No
5569,No
4907,No
3592,No
6886,No
5093,No
5700,No
738,No
4701,No
554,No
5587,No
6021,Yes
6523,No
4499,No
869,No
2322,No
1042,No
125,No
152,No
6749,Yes
5585,No
828,Yes
2378,No
2230,No
3300,No
794,No
2857,Yes
1331,Yes
1920,No
4032,No
3088,No
2527,No
2814,No
3328,Yes
3654,No
4884,No
1012,Yes
2431,No
1412,No
5435,No
6973,No
3513,No
3,No
1969,Yes
2639,Yes
4823,No
71,No
2645,No
238,Yes
5543,No
1176,No
353,Yes
5513,Yes
3587,Yes
5742,No
4522,No
5810,No
4363,No
2892,No
5390,No
4226,No
1715,No
4804,Yes
1206,Yes
2108,No
2160,No
2449,No
5454,Yes
4638,No
579,Yes
1599,No
1372,No
451,No
3792,No
6341,No
5162,No
6612,No
4601,No
2547,No
5916,No
2867,No
5388,Yes
380,No
6732,No
6810,Yes
477,No
4787,Yes
1616,Yes
6473,Yes
5900,No
1727,No
4241,No
6833,No
162,No
6767,No
2846,No
1322,No
2438,No
5440,No
1744,No
4353,No
3753,Yes
1512,No
3194,No
3385,No
1418,Yes
5144,No
6522,No
3651,No
3033,No
2278,Yes
925,Yes
5082,Yes
3701,No
6279,No
2065,Yes
375,No
4528,Yes
209,No
5755,No
6935,No
951,No
1414,No
6285,Yes
3533,Yes
2063,No
6792,No
1611,No
6851,Yes
1886,Yes
1708,No
555,No
2208,No
1704,No
2530,No
3302,No
1466,No
2552,No
1844,Yes
5425,No
3430,No
6785,Yes
5321,Yes
5531,Yes
5568,No
4455,Yes
6623,Yes
1524,No
94,No
5940,No
3152,Yes
6226,Yes
5356,No
5442,No
4020,Yes
1821,No
3590,Yes
3084,No
2669,No
3494,No
6939,No
1868,No
3100,No
5807,No
6747,No
1204,Yes
2622,No
1853,Yes
4665,Yes
2870,Yes
4616,Yes
4628,No
3455,No
1078,No
3805,No
4622,No
3822,Yes
6352,No
2816,Yes
4197,No
3386,No
2973,No
6546,No
4063,No
4410,Yes
3271,Yes
6036,No
2369,No
5580,Yes
4372,No
1210,Yes
2210,No
6290,No
3412,No
3698,No
2060,No
1950,No
3600,No
5245,No
4770,No
2674,Yes
1364,No
5032,No
6321,No
5124,No
4913,No
6994,No
1224,No
6648,No
4946,Yes
5897,Yes
4046,No
4816,No
5559,No
6863,No
2251,No
455,No
340,No
3982,No
5130,No
4994,No
1370,No
6759,No
2770,Yes
1646,Yes
4012,Yes
5949,No
2893,No
3956,No
2693,No
1790,Yes
802,Yes
1436,No
1157,Yes
835,Yes
2466,Yes
6801,No
4812,No
370,No
5997,No
1892,Yes
5017,No
1162,No
3436,No
1728,No
4131,Yes
3270,No
6064,No
6577,No
1257,No
5985,Yes
2517,No
4881,No
6614,Yes
590,No
2726,No
5604,No
3886,No
67,No
6486,Yes
5332,Yes
2079,Yes
1216,No
4365,No
2875,No
1535,No
6023,Yes
5980,Yes
542,Yes
7020,No
5368,No
4536,Yes
585,No
4093,No
4121,Yes
4489,No
2631,No
4771,No
4167,Yes
5386,Yes
1427,No
494,Yes
2334,Yes
4151,No
4997,Yes
3273,No
3490,No
973,Yes
7030,Yes
5759,No
3382,No
3353,No
2233,No
1813,No
6156,No
5137,No
6312,Yes
2754,No
3338,Yes
4141,No
2502,No
3988,Yes
2565,Yes
3355,No
6271,No
5857,No
3983,No
3360,No
1809,No
6087,No
5919,No
533,Yes
2405,No
5784,No
4460,Yes
2385,No
3544,Yes
6026,Yes
6011,No
6591,Yes
5048,No
6237,No
438,No
569,No
709,Yes
3814,No
4390,No
2499,Yes
5039,No
4573,No
4776,No
1281,Yes
2515,No
5691,No
2262,No
5344,No
2534,No
5958,Yes
4537,No
4173,Yes
5815,No
6193,Yes
2579,No
850,No
5260,No
3681,Yes
3870,Yes
5087,No
2245,No
4126,No
3684,Yes
6593,No
6280,Yes
431,No
6914,No
35,No
3413,No
2503,No
4709,No
5012,No
5456,No
1768,No
5221,No
6741,No
1266,No
3221,No
4249,No
4845,No
1678,No
6977,No
3329,No
4033,No
3892,No
1339,No
6397,No
114,No
6298,No
2832,Yes
1753,No
3398,No
4700,No
4079,No
2519,No
2536,No
896,Yes
6406,No
763,No
5627,Yes
2701,Yes
608,Yes
3520,Yes
272,Yes
543,Yes
4774,No
5757,No
5047,No
3679,No
161,Yes
4183,Yes
4356,No
6165,Yes
6805,Yes
3011,Yes
2474,No
2907,No
6276,No
1644,No
1910,No
3895,No
6094,No
2876,No
4305,No
1259,Yes
3132,No
4070,No
2514,No
4827,No
6755,No
3145,No
6737,No
4018,Yes
1733,No
1543,No
1872,No
3437,No
797,Yes
229,No
6760,No
6383,No
146,No
634,Yes
6556,No
5325,Yes
3561,Yes
2489,Yes
98,No
3980,Yes
6633,No
3690,Yes
5542,No
6206,Yes
3472,No
6961,Yes
2837,No
4341,Yes
6098,No
6008,No
4556,Yes
2619,No
6865,No
2260,Yes
6585,No
4542,No
537,No
4037,No
6416,No
6164,No
1395,No
1532,No
1792,No
6502,No
3580,Yes
2772,No
2148,No
1900,No
2498,No
2817,Yes
5064,No
5610,No
459,No
4243,No
2575,No
3795,Yes
6259,No
5852,No
901,No
4062,No
749,No
2357,No
1096,No
4331,No
4148,No
3308,No
5209,No
6378,No
3572,No
4080,No
5942,No
6310,No
3971,No
840,Yes
1152,No
1479,No
3799,Yes
6763,No
5556,Yes
4035,No
3095,No
4625,No
2543,No
1058,No
5309,No
2174,No
4993,Yes
1834,No
21,No
2008,No
3497,No
6117,Yes
548,No
1075,No
6025,No
6952,No
3268,Yes
1623,No
6881,No
5880,No
3577,No
6423,No
6129,No
3480,No
5820,No
2238,No
1423,Yes
5054,Yes
6621,No
3370,No
3022,No
5505,No
1600,No
3102,No
4833,No
5649,No
4297,No
317,Yes
2588,No
6297,No
2896,No
6495,Yes
4606,No
1772,No
1596,No
1451,Yes
1179,No
1517,Yes
497,Yes
3722,No
4422,No
1966,No
2859,No
6033,No
5814,No
6791,No
4782,No
5011,No
5933,Yes
3250,No
5462,No
6478,No
4531,Yes
5060,No
4680,No
5228,No
6942,Yes
5236,No
1737,Yes
483,No
5155,No
4800,No
105,No
5863,Yes
4960,No
6508,No
6850,Yes
3937,No
2479,No
2050,No
318,Yes
5837,No
5777,No
3216,No
2390,No
4865,No
4307,Yes
5025,No
5451,No
1689,Yes
6061,No
3473,Yes
2727,No
2177,No
3575,No
3776,No
2089,No
75,No
1613,Yes
3643,No
1046,Yes
6051,No
2648,No
4277,No
2205,No
739,No
2866,Yes
4585,No
1221,Yes
2075,No
6333,No
5685,No
1850,No
6769,No
6430,No
5207,Yes
6477,Yes
2187,No
4184,No
5049,No
6924,No
816,Yes
112,No
2016,No
6879,No
1175,No
414,No
5655,Yes
2486,No
5855,No
4627,No
1971,Yes
1633,No
4728,No
2434,No
1857,No
4877,No
4703,No
6105,No
6571,No
5608,No
5478,No
1406,No
5499,No
6917,No
5577,No
2617,No
2145,No
1111,No
4669,Yes
5482,No
4973,Yes
495,No
312,No
2025,No
4458,Yes
2232,No
4165,No
1741,No
1598,Yes
2310,No
119,No
3364,No
5443,No
6800,Yes
3665,Yes
4866,Yes
4451,Yes
241,No
1437,No
1642,Yes
5951,No
5379,Yes
4275,No
4299,No
1080,No
2014,Yes
5389,No
6696,No
6823,No
1450,No
1781,Yes
803,No
2993,No
3027,No
3987,Yes
5570,Yes
2404,No
2597,No
1865,No
3767,Yes
5059,No
4624,Yes
4858,No
2544,No
2047,No
1703,Yes
226,No
3389,No
1654,No
6809,No
5352,No
3117,No
3847,No
6682,No
5550,No
6504,No
2416,No
3491,No
6081,No
1585,No
3521,Yes
2611,Yes
1875,Yes
6205,No
2734,No
4074,Yes
4893,Yes
1082,Yes
6553,Yes
8,Yes
2968,Yes
1181,Yes
3878,No
2704,No
3466,No
6949,No
528,No
5313,No
6068,No
5914,No
2682,No
3296,Yes
1460,No
118,No
4371,No
4813,No
43,No
4213,No
389,No
4170,No
6679,No
6889,No
3946,Yes
3867,No
5965,No
1426,No
4098,No
390,No
372,No
5841,Yes
5179,No
6204,No
1964,No
444,No
4470,No
6641,No
3064,No
1748,No
6049,No
1690,No
3829,No
6544,No
1505,No
5485,Yes
1807,No
5149,No
4234,Yes
5525,No
6208,No
804,No
463,Yes
1843,No
4684,No
7007,Yes
2061,No
1218,No
1828,No
1050,Yes
5357,No
2942,No
1350,No
2051,No
6804,No
3555,Yes
3041,No
3422,Yes
6396,No
5348,No
3435,No
111,No
2292,Yes
4291,No
1043,No
3573,No
4941,Yes
3772,No
2908,No
1469,No
4,Yes
2997,No
962,Yes
2642,No
4908,No
2637,Yes
239,No
3990,No
2247,No
4561,Yes
5292,Yes
1929,Yes
6150,No
5037,No
39,Yes
5202,Yes
4215,No
1884,No
2749,No
237,No
6885,Yes
1064,No
3566,No
5835,No
3546,No
6413,No
3110,Yes
1576,No
4387,Yes
1132,No
5483,No
5333,Yes
1300,Yes
5274,No
2759,No
2318,Yes
3741,No
3280,No
829,No
3219,Yes
3578,No
5241,No
2039,No
662,No
3525,No
806,Yes
193,No
228,No
757,No
3368,Yes
3018,No
6010,No
4269,Yes
4233,Yes
7003,No
4272,No
2621,No
1241,No
5990,No
5282,No
4054,No
3177,No
5869,No
6157,Yes
430,Yes
3859,No
5941,No
3112,No
2524,Yes
601,No
5888,No
4540,Yes
4264,No
953,No
3495,No
3321,Yes
1941,No
4461,No
526,No
5930,No
597,No
2055,No
2222,No
1658,Yes
292,No
2797,Yes
5781,No
752,No
6948,No
827,No
1148,No
5890,No
5611,No
482,No
2555,Yes
2518,No
6505,No
345,No
2898,No
4176,No
6676,No
5300,No
875,No
5560,Yes
4976,No
58,No
448,No
6183,No
3178,Yes
4886,No
1219,Yes
1686,No
3608,No
6118,No
6969,Yes
1250,No
2899,Yes
1848,Yes
3515,No
144,No
5055,Yes
644,Yes
1360,Yes
1937,No
5293,No
6267,No
2995,Yes
6598,Yes
1201,Yes
1336,Yes
6344,No
3748,No
6581,Yes
5391,No
6604,No
3400,No
4642,No
6324,Yes
4257,No
4323,Yes
6926,No
2302,No
3276,No
4593,No
4405,Yes
5042,Yes
1177,Yes
3633,No
2497,No
233,No
1743,No
5609,No
2951,No
227,Yes
1239,Yes
6292,No
5316,No
4679,Yes
733,No
6249,No
616,No
4894,No
2781,No
671,Yes
630,No
3887,No
1061,No
6355,No
4809,No
2670,No
5512,No
1643,No
4036,No
2180,Yes
473,No
4900,Yes
619,No
44,No
5545,No
3864,Yes
13,Yes
1761,No
6916,No
6179,No
4310,No
37,No
2216,No
593,No
547,No
3255,Yes
4103,No
2627,No
4495,Yes
3556,Yes
862,Yes
3912,Yes
2522,Yes
1303,No
5667,No
6304,Yes
5822,Yes
4206,Yes
3699,No
5288,No
970,Yes
3274,No
3174,No
3585,Yes
3314,Yes
6583,No
4283,Yes
943,No
1432,No
4340,No
4112,No
92,No
5398,No
6484,No
6685,No
4512,Yes
1099,No
440,No
234,No
4023,No
3609,Yes
3605,No
2240,No
6512,No
135,No
4330,No
6677,Yes
2031,No
5947,Yes
987,No
3815,Yes
6754,No
897,No
6822,No
5540,Yes
2414,No
831,No
6123,No
4407,No
3796,No
6343,No
2962,No
5089,No
388,No
2900,No
5801,Yes
4500,No
2101,No
5263,Yes
1717,No
3610,No
4485,No
1946,No
6525,No
5084,No
78,No
5044,No
4505,Yes
877,No
1442,Yes
48,No
3694,Yes
1672,No
2712,No
5296,No
3604,Yes
6784,No
490,No
4189,No
1327,No
718,No
3074,Yes
5185,No
2990,No
4846,No
2551,No
6702,No
4308,Yes
6782,No
1998,Yes
540,No
5256,No
6637,No
3020,No
4423,No
3363,No
2608,Yes
347,No
3994,No
2417,No
4453,No
5799,No
4822,No
6739,No
392,No
5498,No
4516,Yes
3291,No
1511,No
6466,No
2887,No
1328,No
4279,No
4549,No
5864,No
4792,Yes
1136,No
7006,No
307,No
6831,No
5506,No
187,No
6101,No
4375,No
1520,No
6883,Yes
6666,No
4325,No
1013,No
436,No
256,No
3286,No
3939,Yes
544,No
5182,No
3918,No
1196,No
4487,Yes
4255,Yes
6984,No
6658,Yes
3147,No
1579,No
4376,Yes
3243,Yes
2537,No
3916,Yes
2917,Yes
1783,No
225,No
946,No
5234,No
3910,Yes
845,No
5018,No
1323,Yes
6432,No
5196,No
373,No
830,No
279,No
5637,Yes
2806,No
4007,No
1048,No
1130,No
4757,No
2480,Yes
2049,Yes
3025,Yes
6243,No
2465,No
1411,No
6629,No
5912,No
1648,No
6427,No
5963,Yes
5466,Yes
6409,No
3779,Yes
4652,Yes
91,No
2452,No
5733,No
2818,No
5280,No
6192,No
1692,No
1446,No
220,Yes
2043,Yes
6862,No
363,No
6559,No
809,Yes
5008,Yes
2100,Yes
2562,Yes
2001,Yes
6688,No
2332,Yes
1992,No
605,No
6519,No
1619,Yes
2919,Yes
6124,No
6901,No
1041,No
5989,No
4786,No
4841,No
5554,No
2582,No
5885,Yes
3098,Yes
3269,No
1777,No
3432,Yes
5988,No
2918,No
4552,No
2257,Yes
6260,No
6693,Yes
413,No
4510,Yes
366,No
4096,No
2166,No
534,No
4396,No
1800,No
3817,No
863,Yes
1208,No
2358,No
6474,No
6091,Yes
1314,No
3907,No
2330,No
1298,No
7027,No
4956,Yes
6451,Yes
6711,No
6573,No
731,No
68,No
63,No
2327,No
1309,Yes
5583,No
1189,No
1161,No
3046,No
6439,Yes
3957,No
6601,No
1150,No
6958,Yes
6440,No
1506,No
4887,No
536,No
4687,No
4780,No
3617,No
1754,No
4438,Yes
6774,Yes
29,Yes
5704,No
1818,Yes
137,No
6458,No
6372,No
5688,Yes
1723,No
4265,Yes
5999,No
2910,No
3885,No
6433,No
1759,No
4611,Yes
1272,No
2028,Yes
188,No
5878,No
3821,No
639,No
5311,No
1502,No
2780,No
4361,Yes
669,No
6636,No
2810,Yes
4975,Yes
5195,No
6461,No
5974,No
4287,No
3978,No
2023,No
6903,Yes
7009,No
596,No
6037,No
4061,No
1503,No
4011,No
800,No
3341,No
3758,No
6662,No
4120,No
4958,No
1478,No
4653,No
3462,No
231,No
3226,No
109,No
5231,No
3506,No
5156,No
1842,No
3047,No
3170,Yes
6547,No
2345,No
5783,Yes
72,No
4582,No
1333,No
4127,No
3934,No
5433,No
3124,No
5098,No
3298,Yes
4380,No
2029,No
1172,Yes
1027,No
5128,No
6088,No
1015,No
5419,Yes
5790,Yes
4562,No
5711,No
293,No
4735,No
2858,No
2548,No
3059,No
5176,No
6839,No
3788,No
2998,Yes
4895,Yes
3928,No
695,No
1758,No
4117,No
4915,No
1325,No
2711,No
6250,No
6442,No
3860,No
819,No
903,Yes
4734,No
179,No
5459,Yes
5883,No
1127,Yes
253,No
1393,No
174,No
3091,No
1513,No
2267,No
6431,No
906,No
1789,No
3705,No
5126,Yes
285,No
5648,No
70,No
2746,No
5170,No
331,No
3094,No
2242,No
5819,No
6024,Yes
2799,Yes
4838,No
1489,Yes
838,Yes
1873,No
298,No
1275,No
5511,No
3010,No
2916,Yes
2175,No
257,No
1191,No
5418,No
4683,Yes
5598,Yes
6450,No
6361,Yes
3655,No
3195,Yes
415,No
967,Yes
708,No
3305,Yes
89,No
6946,No
2684,No
5642,Yes
1918,No
2864,Yes
2623,No
3409,Yes
181,No
3649,No
5674,Yes
5198,No
3093,Yes
2281,No
1879,No
425,No
5167,No
5669,Yes
3248,No
2912,No
755,No
3348,No
4065,No
2400,Yes
4437,No
5074,No
1949,Yes
2347,No
1476,No
2956,No
5140,No
6050,No
3880,Yes
808,Yes
4977,No
6728,No
1007,No
1762,No
3053,Yes
2715,Yes
3452,Yes
5470,No
4828,No
3996,No
6308,Yes
336,Yes
1122,Yes
3332,Yes
6975,Yes
6900,No
4501,Yes
218,No
323,No
6359,Yes
5009,No
1142,No
27,Yes
4042,No
729,Yes
4697,No
2068,No
4450,Yes
6694,No
3953,No
2937,No
6247,Yes
7016,No
6407,No
4019,No
2750,No
5839,No
1803,Yes
4991,No
6289,No
3427,No
3663,No
3586,Yes
576,No
2868,Yes
666,No
748,No
2654,No
1346,No
3128,No
3631,Yes
5785,No
711,No
1083,No
4938,Yes
4654,No
6820,Yes
117,Yes
2265,Yes
3986,No
1490,No
2070,No
5339,No
3304,No
5632,No
2620,No
3237,No
2164,No
670,No
520,No
2147,No
2057,No
6354,No
2947,No
5643,No
1674,No
4480,Yes
3789,No
5315,No
3783,No
2093,No
3881,Yes
5987,No
5526,No
5996,No
1169,Yes
2041,No
6663,No
5503,No
6241,No
6996,No
4239,No
3213,No
1677,No
615,No
6513,No
2129,No
2546,No
5428,Yes
790,No
5436,No
6779,No
4806,Yes
6402,No
5362,Yes
4970,Yes
1278,No
5775,No
5229,No
2361,Yes
3979,No
3105,No
4050,No
689,No
2335,No
2225,No
5708,No
817,No
2827,No
1090,No
854,No
624,No
3615,Yes
2886,Yes
202,No
1863,No
3560,No
127,No
1138,No
2824,Yes
6214,Yes
6592,No
4912,No
6339,No
1074,Yes
5982,Yes
1,No
3547,No
4667,Yes
3209,No
2831,No
4221,Yes
2115,No
4381,No
221,No
3601,No
1860,No
1358,No
5445,Yes
688,No
1755,No
6240,No
2943,Yes
2657,Yes
5307,No
4156,No
6797,No
5567,Yes
6137,Yes
136,No
568,No
6434,No
4069,No
5267,No
6485,No
5257,No
1854,Yes
6385,No
4352,No
706,No
1052,No
2279,No
3755,No
1028,No
3614,No
5237,Yes
5607,No
5430,Yes
5473,Yes
1069,No
3627,No
3340,No
684,No
5197,No
4232,No
6148,Yes
46,No
3254,No
1989,No
5354,No
5437,Yes
1685,No
1574,Yes
1698,No
4698,Yes
2751,Yes
465,No
521,No
6332,Yes
3806,No
4041,No
4988,No
6872,No
3596,No
2437,Yes
4575,No
4789,No
3908,No
418,Yes
4793,No
964,No
6740,No
1353,No
6266,No
1948,Yes
2890,No
439,No
2214,No
5502,No
4702,No
1682,No
2372,No
1413,No
5662,No
6227,No
4076,Yes
6358,No
2929,No
2158,Yes
2280,Yes
6847,Yes
3391,No
3131,Yes
2616,No
4084,No
3077,No
2476,No
4247,Yes
1316,No
6644,No
2320,No
3641,No
6814,No
2092,No
5370,No
5208,Yes
6615,No
5396,No
5962,No
2178,No
3068,No
446,Yes
6130,No
4945,No
201,No
2946,No
5923,Yes
1036,Yes
4217,No
365,Yes
3372,No
647,Yes
4025,No
3318,No
5658,No
60,No
6567,No
3965,No
2288,No
4530,Yes
1425,No
5741,Yes
847,No
5968,No
4175,Yes
4615,No
1787,No
1202,No
1664,No
1827,Yes
1919,No
6906,No
3523,No
1356,Yes
820,No
4778,No
777,Yes
6190,Yes
7021,Yes
5248,Yes
2458,No
3664,No
4553,No
1904,No
3836,Yes
945,Yes
642,No
5979,No
773,No
3467,Yes
1195,No
954,No
3906,No
374,No
5299,No
3134,Yes
876,No
5519,No
5960,No
968,No
691,No
5722,No
2249,No
496,No
4053,No
1060,No
401,No
242,No
5255,No
795,No
34,No
4326,No
6825,Yes
52,No
4750,No
5174,No
1294,No
935,No
5099,No
1417,No
2095,No
4322,Yes
1047,Yes
6369,Yes
4920,Yes
5635,Yes
1508,Yes
2535,No
3845,No
4091,Yes
2399,No
4791,No
5053,No
5925,Yes
2196,No
1379,Yes
2861,No
5420,No
133,Yes
1001,No
4314,No
2433,Yes
379,No
1975,No
4459,No
3711,No
676,Yes
1100,No
918,No
2965,Yes
2037,No
2685,Yes
3125,No
2891,No
4285,Yes
632,No
6392,Yes
871,Yes
4078,No
2368,No
6067,No
6561,No
3997,No
3415,No
3092,No
769,Yes
917,No
6039,Yes
1473,Yes
3927,No
258,Yes
6399,Yes
5924,Yes
2146,No
4446,No
3051,No
2614,Yes
2863,No
3638,No
6812,No
1243,No
607,No
2671,No
3319,No
4746,No
4891,Yes
3866,No
5153,No
3445,No
5115,Yes
4128,No
4242,No
1500,Yes
